url,label
https://www.instagram.com/,benign
https://www.linkedin.com/,benign
https://codeforces.com/,benign
https://github.com/,benign
https://www.google.com/,benign
https://www.youtube.com/,benign
https://www.facebook.com/,benign
https://twitter.com/,benign
https://www.amazon.com/,benign
https://www.microsoft.com/,benign
https://www.apple.com/,benign
https://www.netflix.com/,benign
https://stackoverflow.com/,benign
https://www.reddit.com/,benign
https://www.wikipedia.org/,benign
https://www.paypal.com/,benign
https://www.dropbox.com/,benign
https://www.spotify.com/,benign
https://www.adobe.com/,benign
https://www.salesforce.com/,benign
